"42.005","54.7","60.6125","65.035","68.2525","70.41","72.235","74.0025","75.7725","76.5775","77.8","78.7325","79.7625","80.685","81.2975","81.96","82.72","83.01","83.9975","84.2675","84.7175","85.26","85.4575","85.9725","86.5475","86.8375","86.7425","87.4425","87.3975","87.8475","88.0075","88.275","88.5525","88.455","88.9875","89.125","89.1575","89.225","89.5","89.515","89.79","89.6475","89.8675","89.7825","89.9775","90.155","90.0875","90.2575","90.1875","90.4325","90.515","90.145","90.425","90.315","90.7975","90.4625","90.545","90.6","90.5375","90.5075","95.835","97.1875","97.505","97.86","98.03","98.1","98.2675","98.385","98.4225","98.525","98.4875","98.645","98.66","98.785","98.715","98.74","98.7475","98.835","98.745","98.9075","98.9225","98.775","98.8175","98.965","98.8925","98.895","98.8575","98.9725","98.98","98.9425","99.01","98.8925","99.0","98.89","98.94","98.8825","98.87","98.915","98.91","98.965","99.025","98.9475","98.965","98.89","98.695","98.7725","98.9275","98.78","98.82","98.865","98.8875","98.98","98.88","98.9375","98.6475","98.785","98.66","98.63","98.78","98.76","99.3525","99.65","99.7","99.7475","99.715","99.795","99.85","99.8325","99.85","99.7925","99.8075","99.87","99.85","99.83","99.8325","99.8425","99.85","99.87","99.91","99.855","99.8775","99.88","99.8675","99.87","99.8825","99.8875","99.9025","99.875","99.8325","99.875","99.9025","99.9075","99.875","99.905","99.9175","99.925","99.8775","99.91","99.8825","99.8775","99.895","99.9075","99.9125","99.9275","99.92","99.93","99.9475","99.9","99.905","99.9025","99.925","99.895","99.925","99.9375","99.9225","99.9275","99.9225","99.945","99.9275","99.9275","99.925","99.93","99.9125","99.915","99.935","99.955","99.9225","99.9525","99.9175","99.9225","99.9025","99.9325","99.895","99.93","99.9275","99.93","99.9375","99.9225","99.955","99.95"
"39.0575","51.485","57.93","62.785","66.5475","68.675","70.9325","72.865","74.7925","76.18","77.3975","78.455","79.4025","80.15","81.4625","82.3475","82.6825","83.9525","84.4975","84.825","85.59","86.1975","86.55","86.7675","87.33","87.75","88.2625","88.7675","88.9775","89.5275","89.2825","89.97","90.0475","90.5425","91.0575","91.035","91.22","91.05","91.5475","91.7775","91.955","91.8175","92.105","92.39","92.39","92.5125","92.6125","92.5525","92.7225","92.9","92.925","92.935","93.245","93.115","93.0525","93.2475","93.275","93.14","93.32","93.245","97.205","98.3625","98.78","98.955","99.085","99.235","99.245","99.25","99.335","99.4175","99.455","99.425","99.4375","99.4825","99.4925","99.495","99.5675","99.575","99.565","99.5325","99.5775","99.5775","99.665","99.61","99.625","99.595","99.65","99.615","99.6775","99.6925","99.655","99.675","99.55","99.605","99.625","99.63","99.6325","99.5875","99.66","99.6125","99.725","99.6575","99.6875","99.655","99.615","99.665","99.6475","99.69","99.6775","99.6475","99.645","99.6625","99.5925","99.605","99.6575","99.6","99.5725","99.5175","99.54","99.6275","99.775","99.8","99.86","99.8425","99.8775","99.9","99.885","99.905","99.885","99.9025","99.9025","99.8925","99.88","99.8825","99.9075","99.94","99.92","99.9025","99.93","99.9075","99.92","99.92","99.9125","99.9175","99.905","99.9375","99.93","99.92","99.9125","99.915","99.925","99.9125","99.9575","99.9475","99.9525","99.9525","99.9425","99.9225","99.9275","99.9175","99.9475","99.9375","99.945","99.925","99.9325","99.9575","99.94","99.95","99.9225","99.9375","99.945","99.955","99.9425","99.925","99.94","99.9475","99.9525","99.9525","99.94","99.965","99.9275","99.9525","99.9225","99.9625","99.935","99.9425","99.9625","99.94","99.935","99.9525","99.98","99.9675","99.9725","99.98","99.9575","99.9525","99.96","99.965","99.955","99.945"
"34.8025","47.4675","54.33","59.085","62.8","65.5325","67.5125","69.9775","71.685","72.9125","74.415","75.62","76.5475","77.375","78.1675","79.13","80.1375","80.67","81.32","81.7775","82.43","83.3","83.775","84.2325","84.5375","85.2475","85.83","85.66","86.33","86.8375","87.065","87.26","87.8125","88.0675","88.52","88.95","88.76","89.12","89.4725","89.8125","89.9475","90.2","90.335","90.5025","90.7625","91.2025","91.32","91.4275","91.4875","91.855","91.8575","91.9975","92.24","92.4575","92.51","92.56","92.945","92.8225","93.1125","93.235","96.6125","97.865","98.255","98.39","98.5325","98.765","98.81","98.965","99.0375","99.0225","99.1075","99.0725","99.2","99.2675","99.2125","99.1975","99.27","99.1525","99.3425","99.26","99.325","99.2975","99.335","99.4375","99.455","99.375","99.3825","99.395","99.3925","99.49","99.4325","99.4125","99.355","99.435","99.41","99.535","99.4425","99.445","99.465","99.475","99.5375","99.4075","99.535","99.51","99.4825","99.525","99.41","99.5075","99.5225","99.605","99.4925","99.4475","99.47","99.4725","99.3925","99.4725","99.5625","99.5025","99.5075","99.5125","99.655","99.68","99.76","99.8025","99.7925","99.8","99.795","99.835","99.855","99.8525","99.845","99.8575","99.8575","99.86","99.83","99.8625","99.85","99.8375","99.8575","99.845","99.8475","99.8325","99.89","99.85","99.9075","99.89","99.845","99.875","99.86","99.875","99.905","99.94","99.845","99.8925","99.88","99.8875","99.8825","99.8425","99.8675","99.8875","99.915","99.8675","99.895","99.875","99.8825","99.9","99.92","99.8925","99.925","99.92","99.9","99.9025","99.92","99.9075","99.9125","99.9","99.93","99.935","99.9125","99.93","99.91","99.9025","99.9","99.925","99.915","99.9125","99.91","99.895","99.9","99.9025","99.915","99.9375","99.925","99.905","99.9175","99.93","99.9225","99.9275","99.925","99.9325"
"42.02","49.61","62.79","66.91","67.72","70.16","69.38","72.84","72.93","74.43","72.85","74.46","73.29","76.12","77.95","77.94","75.69","78.25","75.99","77.32","79.49","76.46","79.21","77.93","78.0","79.92","78.38","79.65","79.76","78.58","78.58","79.67","79.33","78.09","79.14","79.4","79.38","80.73","80.1","78.21","79.0","80.39","81.09","79.65","78.84","79.37","80.95","77.86","80.19","81.16","82.03","79.73","76.55","80.15","77.23","75.37","81.32","77.77","82.25","81.25","86.73","86.81","86.88","86.92","86.82","86.86","86.65","86.81","86.9","86.57","86.55","86.52","86.77","86.73","86.69","86.78","86.68","86.53","86.81","86.41","86.46","86.49","85.65","86.4","86.58","86.36","86.1","86.02","85.97","86.7","85.76","86.45","86.23","86.28","86.42","86.6","86.34","86.56","85.94","86.6","86.21","86.13","85.77","85.98","85.67","86.39","85.92","86.12","85.98","85.68","85.6","86.46","86.29","85.92","85.98","85.83","85.81","86.08","85.54","86.26","87.03","87.1","86.97","87.24","87.31","87.26","87.44","87.46","87.43","87.34","87.32","87.4","87.37","87.35","87.46","87.39","87.32","87.38","87.29","87.29","87.43","87.31","87.36","87.3","87.15","87.42","87.16","87.2","87.12","87.26","87.15","87.37","87.27","87.15","87.3","87.34","87.28","87.36","87.48","87.37","87.31","87.29","87.37","87.55","87.39","87.58","87.3","87.39","87.31","87.39","87.28","87.44","87.22","87.41","87.36","87.42","87.43","87.36","87.42","87.37","87.42","87.31","87.37","87.31","87.44","87.45","87.38","87.39","87.35","87.31","87.34","87.46","87.48","87.51","87.52","87.54","87.36","87.28","87.37","87.45"
"46.28","51.19","49.97","61.54","62.71","62.86","69.24","70.75","71.95","71.14","73.14","71.85","73.24","73.89","74.36","73.37","74.07","77.12","75.62","77.84","77.89","74.98","79.15","78.31","75.98","77.94","77.1","78.44","80.1","77.39","78.97","78.38","77.78","76.63","79.1","77.79","79.19","78.75","79.63","79.93","79.61","75.5","77.25","80.81","80.27","78.83","78.89","80.0","81.5","79.48","80.08","77.37","79.88","79.68","80.07","80.83","79.89","78.62","80.99","81.34","85.66","85.72","85.68","85.97","86.04","86.37","86.22","86.12","86.24","86.32","86.1","86.13","86.1","86.18","86.24","86.23","86.16","86.46","86.23","86.03","86.29","86.4","86.46","86.36","86.03","85.93","85.7","86.19","85.93","85.35","86.09","85.92","85.58","86.28","86.29","86.32","85.99","85.73","86.23","85.89","86.16","86.24","85.91","86.06","86.06","86.03","85.95","86.23","86.14","86.07","86.12","86.11","85.89","85.94","85.77","86.05","86.05","85.62","86.14","86.0","86.47","86.47","86.33","86.32","86.75","86.63","86.77","86.77","86.76","86.39","86.57","86.58","86.67","86.46","86.67","86.58","86.4","86.61","86.78","86.57","86.52","86.57","86.58","86.58","86.55","86.66","86.63","86.76","86.71","86.66","86.69","86.55","86.66","86.64","86.79","86.74","86.76","86.78","86.59","86.74","86.63","86.62","86.55","86.72","86.64","86.79","86.74","86.57","86.68","86.76","86.84","86.82","86.69","86.61","86.61","86.65","86.75","86.72","86.83","86.61","86.64","86.66","86.67","86.66","86.67","86.78","86.66","86.8","86.76","86.79","86.68","86.74","86.67","86.77","86.69","86.72","86.67","86.73","86.72","86.81"
"41.24","47.51","50.21","54.94","59.66","63.73","62.96","68.11","70.55","65.38","72.06","71.68","67.98","73.1","71.16","76.07","73.12","75.58","75.79","76.12","72.52","77.89","76.94","73.93","78.33","75.34","77.25","76.65","80.08","78.41","79.09","80.17","78.01","79.91","79.51","77.93","76.88","76.11","77.81","80.19","78.86","79.8","79.05","79.56","79.95","79.3","79.25","79.14","80.28","80.08","79.53","78.11","82.36","78.35","80.95","77.82","79.97","81.05","81.53","76.67","85.0","85.51","85.29","85.68","85.71","85.79","85.83","85.69","85.37","85.89","85.57","85.38","85.22","85.44","85.57","85.23","85.39","85.47","85.51","85.59","85.66","85.54","85.27","85.15","85.73","85.57","85.17","85.55","85.54","85.37","85.59","85.55","85.28","85.24","85.3","85.38","85.49","84.83","85.24","85.41","84.54","85.32","85.51","84.83","85.39","85.46","85.39","85.64","85.49","85.28","85.01","85.2","85.43","85.14","85.17","85.41","84.96","85.29","85.08","85.19","85.68","85.89","85.97","85.89","85.95","85.93","85.78","85.89","85.88","86.07","85.84","85.89","85.86","85.91","85.87","85.88","85.94","85.97","86.01","86.09","86.1","86.04","85.98","86.15","85.91","86.13","86.15","85.9","85.94","85.93","85.9","85.93","85.99","85.88","85.83","85.7","85.91","85.78","85.84","85.92","85.99","85.89","85.95","85.77","85.96","85.89","86.09","85.96","85.94","85.89","85.92","85.93","85.96","86.0","86.19","85.94","86.08","85.86","85.99","86.16","86.0","85.92","85.94","85.98","85.95","86.1","85.85","85.83","86.02","85.86","86.01","85.95","85.97","86.06","85.94","86.04","86.12","86.02","86.03","86.06"
"528.0063091516495","396.178010225296","345.7300383448601","308.74314630031586","281.978424847126","261.9709737896919","244.68140244483948","229.73377618193626","217.0909688770771","207.04452455043793","196.36594450473785","188.2979774773121","179.31545144319534","170.96094179153442","166.76365756988525","160.0209939777851","152.15479117631912","150.24676820635796","141.86085718870163","139.37138037383556","135.35978320240974","129.85820430517197","127.58767801523209","122.1163724809885","119.42240147292614","116.6270035803318","115.5770280957222","110.8259547650814","111.15475875139236","107.33827355504036","105.66742970049381","103.64870810508728","101.94437517225742","100.9861009567976","97.71313545107841","95.55523696541786","96.02449953556061","94.43678864836693","93.14706854522228","91.07607209682465","90.56843316555023","90.5897775515914","89.0877685546875","89.85147954523563","87.8220827281475","85.70065918564796","86.27710898220539","85.97023244947195","86.73870436102152","84.12752219289541","84.26816177368164","86.97443270683289","83.34212736785412","84.47172790765762","83.16738288104534","82.99821084737778","82.82883717864752","82.51782649755478","83.10848686099052","82.4134790301323","40.85304278880358","29.20562163926661","25.27782964333892","21.803219070658088","20.98192379437387","19.92562554217875","18.648812225088477","17.07420784421265","16.529795298352838","15.776357796043158","15.197051232680678","14.883180811069906","14.147398982197046","13.691716477274895","13.668557241559029","13.546631664969027","13.151107905898243","12.509727721102536","13.036229831166565","11.86761409509927","11.706147061195225","12.411851259879768","12.246631616726518","11.381829695776105","11.423130207695067","11.61918253917247","11.643594292923808","10.95347632560879","10.749393718317151","10.893385608680546","10.60043886769563","11.587731110863388","10.62141771055758","11.328861619345844","11.136684773489833","11.540035273879766","11.31971806846559","11.321181139908731","11.249357449356467","11.090933174826205","10.287530320696533","10.55122367106378","10.600088589359075","11.186828095465899","12.676417088136077","11.851895292289555","10.715757717378438","12.219598518684506","12.220656770281494","11.591320077888668","11.296568700112402","10.655433950945735","11.109525695908815","11.001212394796312","13.253437684848905","12.705680304672569","12.746085342485458","13.564093669410795","12.16145833209157","12.147639864124358","7.504172797314823","4.980848307488486","4.329063008539379","4.241935040568933","4.208407516591251","3.680109724518843","3.264364616945386","3.302223427221179","3.202144298236817","3.267761454801075","3.1990461744135246","2.8463852534769103","2.990370609331876","3.1168026039376855","2.8755945870652795","2.9609546530991793","2.814306505722925","2.682286963914521","2.4498773829545826","2.7224829421611503","2.5689896713010967","2.661686224746518","2.6317869811318815","2.5375567759620026","2.443240101565607","2.300207354594022","2.2986422809772193","2.4343276605941355","2.6551387432264164","2.4917956955032423","2.3568699358729646","2.244333525071852","2.392798421671614","2.215619495837018","2.2084593187319115","2.1317815262591466","2.355824488797225","2.1984544415026903","2.3266731856856495","2.3374389784876257","2.0904604108072817","2.1111026239814237","1.9768007041420788","1.9522900318261236","1.993888629367575","1.9443432113621384","1.8662738900166005","2.0964158321730793","1.9551430149003863","1.9394454032881185","1.954993346647825","2.0452178335981444","1.8598461254732683","1.8922548614209518","1.8177218604832888","1.8988487255992368","1.880916150403209","1.8333390353946015","1.7937213422264904","1.8047094425419345","1.8576447543455288","1.7769335279008374","1.9281868905527517","1.8692134014563635","1.7425590321654454","1.7269438157090917","1.8931456411955878","1.7113834883784875","1.8971609366126359","1.7345118141383864","1.8448031910229474","1.7656657438492402","1.9857543479884043","1.7814069729065523","1.8835504523012787","1.8247314750915393","1.7940141414292157","1.7885945672169328","1.6576363833155483","1.739747288171202"
"545.3430972099304","417.8601613044739","367.93007719516754","327.0780732035637","297.3864060640335","276.09873139858246","256.0486950278282","239.47550517320633","224.25092378258705","212.2163600921631","199.79930689930916","192.04617935419083","182.49227753281593","174.36859890818596","164.8230887055397","156.5197130739689","152.18335190415382","143.5064226835966","138.5480453670025","133.55880358815193","127.63968750834465","124.3454188555479","118.7393894046545","114.51785093545914","110.6765026152134","106.80180352926254","104.1818090826273","97.36891335248947","96.09614685177803","92.7939805239439","93.0764764919877","88.94605530798435","86.12189035117626","83.34880032390356","79.00765272974968","79.10004492849112","77.35396346449852","77.59984912723303","73.50045167654753","70.9642055183649","69.97736521065235","71.14203959703445","70.18564012646675","68.14608729630709","67.76823579519987","66.72312414646149","65.2895715162158","65.6164260879159","65.05133616179228","62.53812836110592","63.12613558769226","61.83601922541857","59.86205766350031","61.43237625807524","62.04707183688879","59.04766096919775","59.448970668017864","61.18817140907049","58.69382714480162","60.30004204809666","27.23463853262365","17.796990210190415","14.310454923659563","12.503065110184252","11.106996081303805","9.975051726214588","9.154856599867344","9.008966051507741","8.336277822498232","7.586791861336678","7.459382896777242","6.902458996279165","6.979703464079648","6.668299422832206","6.497077267151326","6.296622424386442","5.817956379149109","5.776368719758466","5.697689583757892","5.813784190453589","5.5193511641118675","5.579233972821385","4.8072196810971946","5.08467418840155","4.718846062431112","5.128816458163783","4.848017693730071","5.028677984839305","4.4393823083955795","4.334378597093746","4.530446061980911","4.6378077287226915","5.150118221528828","4.844885276630521","4.939816064666957","4.594689049758017","4.6656227146741","5.061642490094528","4.441224416717887","4.714349081274122","4.18156263534911","4.346156382700428","4.461216162657365","4.611778680002317","4.774976342916489","4.323850561864674","4.57813936797902","4.238710251869634","4.385333358077332","4.448688506614417","4.63282938208431","4.460418922593817","4.787845254410058","5.000908636022359","4.742043170146644","4.838615727145225","5.263508663978428","5.454362474614754","5.434341039508581","4.73306896048598","3.4996242683846503","2.9399144349154085","2.560151203884743","2.6041394259082153","2.333057180978358","2.2311072014272213","2.275868831202388","2.0188426775857806","2.145410918397829","2.0090035214088857","2.0417377039557323","2.0278489720076323","2.0118030342273414","2.1444196831434965","1.9277776525123045","1.7315893296618015","1.7895204402739182","1.9503903257427737","1.807598421932198","1.851611528545618","1.8217783535947092","1.7195709384977818","1.7246439681039192","1.7616511528613046","1.8038738653995097","1.7184342194814235","1.6231372472830117","1.660694609512575","1.7190609985264018","1.7307724938727915","1.6390880784019828","1.7166051956592128","1.4232335432898253","1.5095849856734276","1.5243181171827018","1.5344250063644722","1.5656097239116207","1.6785758729092777","1.5304242738056928","1.7166731365723535","1.5624496501404792","1.5413471541251056","1.4849408368463628","1.5037042283220217","1.5320159364491701","1.479847123962827","1.4829048906685784","1.423733416479081","1.541393062332645","1.4405089307110757","1.4395265053026378","1.340238741482608","1.4107242573518306","1.544549319660291","1.4891141005791724","1.4099938072031364","1.4455619365908206","1.3724180766148493","1.4914244904648513","1.3529127525398508","1.4495019804453477","1.3617980031995103","1.5436059237690642","1.3320236839354038","1.3932139202952385","1.384000874706544","1.3628961575450376","1.402295006904751","1.3925843642209657","1.3662509124260396","1.2491616271436214","1.264873912325129","1.2772869916516356","1.1633119277539663","1.3852262081345543","1.4241004681098275","1.2755707637406886","1.2796698314487003","1.348737720400095","1.343985104933381"
"582.5537482500076","455.13456773757935","397.87504863739014","356.7639793753624","327.13135635852814","304.74692183732986","284.87464797496796","266.00134938955307","250.74800062179565","239.7874613404274","226.78448832035065","216.35165724158287","206.97385904192924","199.33556991815567","192.59427121281624","183.1058972775936","177.43835374712944","170.37224033474922","164.640015989542","160.82546722888947","156.14872443675995","147.90069171786308","144.2362370789051","139.3981415629387","136.16159734129906","131.15877750515938","127.10770431160927","126.2298233807087","119.57243652641773","116.95905596017838","113.97140155732632","111.99407261610031","108.10010297596455","104.45506399869919","102.87944075465202","97.84202691912651","97.19182670116425","95.21011029183865","92.12808814644814","89.59915691614151","87.84563182294369","86.5417292714119","83.86064315587282","82.8692652657628","81.1298161149025","78.12012419849634","75.92677665501833","73.40647897869349","73.95742036402225","72.10743394494057","71.05377298593521","70.12807838618755","68.06077498197556","66.60254146158695","66.27156566083431","65.36825067549944","62.93980659544468","63.342098109424114","61.35831884294748","60.5933521091938","33.22975083813071","22.878513550385833","19.243082736618817","17.457117166370153","15.695597262121737","13.589552205987275","12.98841016087681","11.929474427364767","11.168224038556218","10.77641636505723","10.008939693681896","9.965103786904365","9.179175281897187","8.819081136025488","8.698321789037436","8.60996478702873","8.298985373228788","8.367517692036927","7.807195358444005","7.785794329131022","7.313191012013704","7.39031321904622","7.316154478583485","6.608827528776601","6.389342988841236","6.884207007475197","6.710639609722421","6.895968817640096","6.8537129203323275","6.017734532011673","6.273647765396163","6.414957572240382","6.604533579433337","6.271910178940743","6.511958061950281","5.485048936214298","6.068041721591726","6.247560741612688","5.84391085524112","6.025939886691049","5.4526454906445","6.24270707461983","5.235568019328639","5.493657561717555","5.5288139171898365","5.356670169625431","6.131420833291486","5.282379066338763","5.424717566231266","4.923561221221462","5.631295474246144","5.836951785720885","5.7613838595571","5.71994428569451","6.351952672936022","5.553311860188842","4.980981385335326","5.405149933183566","5.36376425914932","5.478636591695249","4.105758086661808","3.678018751554191","3.269407099345699","2.918420003261417","2.7849757737712935","2.801034297212027","2.6619624419836327","2.468693409813568","2.278922956320457","2.2394194214139134","2.31608566804789","2.2512248891871423","2.3304115103092045","2.069046987569891","2.61621849227231","2.143798327539116","2.0721081433584914","2.2712563349632546","2.0583589776069857","2.18971146090189","2.0512607200071216","2.1974840653711","1.832070714677684","2.017350994166918","1.8156183577375486","1.8941449503181502","2.047644559526816","1.985651717404835","2.079037835006602","1.9401466274284758","1.8443768459837884","1.6021444560028613","1.9800560738076456","1.8495222348719835","1.8863310308661312","1.7764614149928093","1.8504924103617668","2.129523327224888","1.906758367724251","1.7701487538870424","1.7210105877602473","1.794084353314247","1.6291750582749955","1.7608837516163476","1.81131446902873","1.625478261092212","1.5628327945014462","1.7067358756321482","1.5402181468671188","1.499656211817637","1.5353546831174754","1.5786318494356237","1.4229984319536015","1.6419882429763675","1.5619500378379598","1.7780072221066803","1.381593092926778","1.4879248408251442","1.5340424526366405","1.4418481516186148","1.490628019964788","1.5818157778703608","1.6131911152042449","1.4147820306825452","1.3634793569799513","1.5573304036515765","1.4954814302036539","1.7534095135633834","1.5231688937055878","1.6683395338477567","1.4576974158990197","1.4266552904155105","1.46367558761267","1.6320643533254042","1.5097526478930376","1.4174572636839002","1.402269259444438","1.3770780252525583","1.5027514220564626","1.4112441544421017"
"206.58603358268738","193.01503932476044","133.6466953754425","119.1057540178299","119.05946296453476","110.63327085971832","113.7425627708435","102.0441899895668","100.52786070108414","96.77382135391235","100.22624206542969","94.39430037140846","101.14557328820229","89.88587537407875","79.99764636158943","85.45264917612076","92.13712203502655","82.90592369437218","92.03982231020927","86.26113751530647","78.98784959316254","94.74133723974228","82.73911434412003","87.13168448209763","91.00645157694817","79.77665489912033","84.27718821167946","82.47824147343636","82.64298447966576","86.34547111392021","86.78245398402214","83.89997065067291","84.88505524396896","90.67981886863708","87.23140221834183","83.27662944793701","86.45055010914803","77.06019434332848","82.54674798250198","92.92879369854927","87.90481013059616","80.39433816075325","77.20811039209366","87.13432121276855","88.76979529857635","87.56865620613098","81.14353263378143","95.02134776115417","80.98186075687408","79.17312479019165","73.75770193338394","85.7747782766819","103.23076343536377","88.31087791919708","98.28662365674973","111.87057277560234","77.85427162051201","95.94677603244781","71.51744240522385","76.61583435535431","54.17226757109165","54.915409579873085","56.44983418285847","56.935481414198875","58.898699060082436","59.276347041130066","59.37188021838665","59.69894230365753","61.18099556863308","62.243580773472786","62.678567573428154","62.725686237215996","62.83317160606384","63.7068380266428","64.85149171948433","64.7220198661089","65.38913051784039","66.77723254263401","65.49636088311672","64.74031732976437","66.02328813076019","67.39064148068428","70.82898332178593","68.87483642995358","66.33860258758068","68.71466786414385","69.10150954127312","70.02273677289486","70.32379093766212","70.00939869880676","71.49338334798813","69.33815930783749","72.85540534555912","71.15723322331905","70.28967075049877","67.31203182041645","72.03189526498318","68.39908188581467","71.00067780911922","69.52502229809761","71.06345821917057","72.07318310439587","78.4953763782978","72.78219275176525","75.26458929479122","72.49853232502937","74.45975156128407","72.16924640536308","73.45088016986847","76.05745151638985","77.00533689558506","70.99074763059616","72.38225177675486","71.80748137831688","74.62018510699272","75.39538922905922","77.20168349146843","73.13825383782387","76.2035905867815","73.71377138793468","66.12617413699627","65.92751045525074","66.18962804973125","66.01868714392185","66.98319850862026","66.15141478180885","66.00631150603294","66.35185232758522","66.0520745664835","67.22846405208111","67.48422983288765","67.31591938436031","66.856460288167","67.43865063786507","66.90034918487072","66.88363841176033","67.3768675327301","67.65100149810314","68.14273130893707","67.61521510779858","68.04525464773178","67.87623505294323","67.88088373839855","67.7359079271555","68.25985293090343","68.1739314198494","68.67891739308834","67.96512070298195","68.8759184628725","68.4332972317934","68.6391153037548","68.90048636496067","68.84787581861019","69.09551095962524","69.24195854365826","68.83775934576988","68.17436949908733","68.4758880585432","68.82451193034649","69.02765662968159","68.84874372184277","68.86718687415123","68.84463781118393","68.41526833176613","68.56105951964855","68.48296077549458","68.56291528046131","68.2009187489748","68.78965143859386","68.6178570985794","68.75359480082989","67.81552270054817","68.59569668769836","68.10811464488506","69.00845529139042","68.41335342824459","68.50832790136337","68.36174492537975","67.84137238562107","68.01699848473072","68.89734230935574","68.7583998888731","68.81246700882912","68.62964075803757","68.9206116348505","68.57916723191738","68.45093360543251","68.74612271785736","68.53331753611565","68.76384223997593","68.55844120681286","68.12728551030159","68.8988448381424","68.74045431613922","68.14753285050392","68.12282793223858","68.28837351500988","68.65035881102085","68.21533700823784","68.24896498024464"
"189.0747799873352","176.91188502311707","183.20448923110962","139.6784416437149","133.27139633893967","136.05134171247482","111.50356251001358","104.8752458691597","102.20475178956985","106.28717714548111","97.66719770431519","107.57139599323273","101.4242559671402","99.03712785243988","94.82653120160103","103.18721467256546","100.79771015048027","89.38847663998604","92.81805711984634","86.47239664196968","86.56798475980759","100.56298664212227","82.65684652328491","85.30243661999702","99.9598137140274","86.56357821822166","91.10212615132332","88.19763833284378","82.08051699399948","93.93938401341438","87.02681398391724","91.87883660197258","96.10822403430939","102.103352278471","88.61708900332451","96.32181000709534","89.78194308280945","91.65213021636009","87.85638108849525","88.09470178186893","87.9871586561203","112.38777756690979","104.84220853447914","85.50622287392616","87.44439071416855","96.54066613316536","93.14561161398888","89.28564783930779","81.62754355370998","91.30833107233047","89.07849925756454","107.57404538989067","95.3904886841774","96.90437886118889","91.49574968218803","87.65013685822487","92.6377554833889","101.25576707720757","84.12804421782494","85.40123069286346","62.471919134259224","62.568918995559216","64.68046712875366","64.04412407428026","65.42294390499592","64.79286346584558","66.5516480281949","66.49397764354944","67.41930279135704","66.91049200296402","67.62117709219456","68.24630153924227","69.41605416685343","68.80193612724543","69.27485426515341","69.73115175962448","69.13849849998951","68.97283677756786","69.67752438783646","70.10110260546207","70.01054083555937","69.94818510115147","70.24220575392246","70.16819965839386","71.186075091362","72.95991869270802","75.19851522892714","71.87222416698933","72.13329124450684","73.98933751881123","71.54321500658989","72.91631057858467","74.06145203113556","73.1223461329937","72.49292632192373","71.59151968359947","72.95998395979404","74.38837194442749","71.907868668437","71.7640510648489","73.23642612993717","73.87427109479904","72.6247501373291","72.84394305944443","73.90694802999496","73.59525875747204","73.61712388694286","72.51626144349575","72.71574428677559","72.1155155301094","73.37318792939186","73.02674342691898","75.03744681179523","75.33387295901775","75.51251152157784","76.48105199635029","73.22485112398863","78.75047713518143","74.65877884626389","75.39697036147118","72.7994392812252","71.6527753919363","71.98863899707794","71.43888980150223","71.09755505621433","70.67279854416847","70.1306212246418","71.33284087479115","71.10815145820379","70.98380532860756","70.3159354776144","70.52601882815361","70.45263114571571","71.04575157165527","70.9979764521122","71.11440463364124","71.22637297213078","70.81049570441246","70.26025874912739","71.09570769965649","70.26343593001366","70.30750524997711","71.3935060352087","71.19448444247246","70.55995705723763","70.96762946993113","71.24851581454277","70.75753250718117","70.66568885743618","70.8175339102745","71.39854831248522","70.5208221450448","71.29219204187393","71.41676299273968","71.09010150283575","71.03232522308826","70.77847078442574","71.16042721271515","70.70225138962269","70.57747539877892","70.81205251812935","70.24756483733654","70.99370822310448","71.34515829384327","71.38249489665031","71.04292622953653","70.6979268193245","70.82661052048206","70.58300544321537","70.86016710102558","70.2794841825962","70.59874865412712","71.01090148091316","71.03289620578289","70.1990562081337","70.76096977293491","71.10561256855726","70.55169677734375","70.9953573346138","70.76460567116737","71.08423037827015","70.54381036758423","70.69507743418217","71.46048478037119","70.53290297091007","71.49868467450142","71.31675547361374","70.51008024811745","70.57643464207649","70.59915554523468","70.53433476388454","71.37586659193039","71.68150246888399","70.64995684474707","70.27075712382793","70.96134527772665","70.96074994653463","70.9613339677453","70.85242061316967","70.9092992991209"
"215.47796738147736","185.0120072364807","200.93627965450287","159.67233794927597","146.10953640937805","131.07956516742706","129.80870246887207","115.78333616256714","108.20369672775269","134.0341518521309","101.1937882900238","104.00372606515884","123.74523156881332","102.39104437828064","111.44086438417435","90.2346365749836","102.5962526500225","93.55632221698761","91.22212541103363","90.46571490168571","108.56242460012436","84.32427170872688","87.62272411584854","102.2457954287529","83.08726358413696","95.04972866177559","89.59353268146515","91.21149304509163","77.46437552571297","85.2664512693882","80.89804348349571","76.45042616128922","87.55770489573479","80.35433465242386","80.42494958639145","90.6499474644661","93.4970106780529","97.24533611536026","92.38967350125313","81.00721523165703","92.30940964818001","82.59114694595337","89.30074128508568","85.39500549435616","81.30534839630127","84.80770891904831","85.48708721995354","87.00996166467667","84.85379633307457","86.22015637159348","89.76719519495964","93.10900947451591","76.8303088247776","100.40968206524849","81.66332897543907","96.06395518779755","86.83874931931496","84.34341563284397","83.24886587262154","105.42544284462929","64.04977947473526","64.35759122669697","65.13250812888145","65.49200668931007","66.39029031991959","66.81741660833359","68.5305373519659","70.20898692309856","70.94967050850391","70.37822414934635","70.45592381060123","72.27308030426502","73.02625806629658","73.52650597691536","73.50912095606327","74.4819083660841","74.11403799057007","75.12205451726913","74.8245388418436","74.06560426950455","75.15292149782181","75.07187341153622","75.7156979739666","77.20354770123959","75.433609649539","76.56529130041599","78.14784400165081","77.33953239023685","78.01181749999523","78.16258379817009","78.02823692560196","79.22819396853447","80.13936744630337","80.06133399903774","79.61058238148689","78.67947228252888","79.48497892916203","79.98474490642548","80.1297858953476","78.79984185099602","85.05076484382153","79.30392926931381","79.04213382303715","84.17633672058582","79.89162276685238","78.73051024973392","79.7272913902998","78.72346000373363","79.938192024827","81.26778937876225","84.0699442178011","80.88296911120415","80.46581500768661","81.69783970713615","81.39110653102398","81.56002643704414","81.85770733654499","81.40230683982372","83.73573848605156","82.73123921453953","78.47680934518576","78.07578247785568","77.75643141567707","77.66309653222561","77.88583149015903","77.87778079509735","78.26126734167337","77.71224599331617","78.89903335273266","77.96348808705807","78.25687456130981","77.89216695725918","78.43720977008343","78.64935448765755","78.68300046026707","78.45532920956612","78.75062112510204","78.3025504052639","78.27519752085209","78.15716601908207","78.28884309530258","79.06774926185608","79.679005458951","78.49126873910427","78.88080082833767","79.2743238657713","79.04987251758575","78.3874696046114","78.5319722443819","78.46173314750195","78.85648041963577","78.76310388743877","78.56625409424305","78.6488341242075","79.68690438568592","79.32704296708107","79.59071001410484","78.66751019656658","79.58817131817341","78.84579798579216","79.18273515999317","79.35420759022236","79.20734933018684","79.42104983329773","78.99325768649578","78.91898818314075","79.14468385279179","79.53338731825352","79.29209454357624","78.85603407025337","78.24061866104603","78.54487285017967","79.44036696851254","79.19730478525162","79.34846273064613","78.57703810930252","78.6472870260477","79.64036816358566","78.68969379365444","79.27314919233322","79.36192864179611","79.10826559364796","78.95533765852451","78.40297476947308","79.03785184025764","79.20415133237839","78.97717529535294","79.26724043488503","79.16472914814949","79.9158573448658","79.20017476379871","79.38325923681259","79.5296243429184","79.89227187633514","79.38509549200535","78.51370194554329","78.74093325436115","79.44785448908806","79.15521152317524","79.39648804068565"
"33.290396213531494","30.948967933654785","31.06282377243042","30.97965693473816","30.963756561279297","31.008310079574585","30.967697381973267","31.062962293624878","31.02779984474182","31.093578815460205","30.8584725856781","30.854272842407227","30.99604558944702","30.88526439666748","30.903993844985962","30.959211111068726","30.939671516418457","30.903021097183228","30.982468605041504","31.020375728607178","30.934102535247803","30.98321223258972","30.951600313186646","31.179734706878662","30.891454935073853","30.966477155685425","30.859124422073364","30.945983171463013","30.873152494430542","30.938925981521606","30.992775201797485","30.944353818893433","30.986798524856567","30.984641075134277","30.92543315887451","30.949506998062134","30.920403242111206","30.866048336029053","30.94821834564209","30.994417428970337","30.973957538604736","30.89697504043579","30.87781047821045","30.906384468078613","30.993525743484497","30.85022282600403","30.846983194351196","30.959054231643677","30.89499855041504","30.933160543441772","30.86238145828247","30.81246280670166","30.78960347175598","30.869625329971313","30.903018712997437","31.017090797424316","31.039884090423584","30.918463945388794","30.88194990158081","31.159091472625732","30.996447563171387","30.915494441986084","30.941843509674072","30.960620164871216","30.91351890563965","30.92524766921997","30.869704961776733","30.87963056564331","30.9090256690979","30.882648944854736","30.92958164215088","30.909013986587524","30.87339735031128","30.89766240119934","30.915940046310425","30.880605697631836","30.889068841934204","30.860504865646362","30.859014749526978","30.904176235198975","30.969252109527588","30.860065937042236","30.92830514907837","30.943912029266357","30.976452827453613","30.944223403930664","30.90707540512085","30.87770390510559","30.838780164718628","30.913384675979614","30.951605558395386","30.904656410217285","30.983217000961304","30.92476224899292","30.879851818084717","30.882530212402344","30.95602250099182","30.97837257385254","30.853343963623047","30.962804079055786","30.921184301376343","30.929070234298706","30.898842096328735","30.900101900100708","30.938069820404053","30.936156749725342","30.796935319900513","30.90937352180481","30.884112119674683","30.826206922531128","30.938807010650635","30.89576482772827","30.938361167907715","30.85148334503174","30.889203310012817","30.898332834243774","30.833975076675415","30.92780065536499","30.957067728042603","30.86600422859192","31.032686471939087","30.920215845108032","30.86301827430725","30.851062059402466","30.88764762878418","30.95960545539856","30.98135805130005","30.9859676361084","31.023349046707153","31.022998094558716","30.971060752868652","30.924585819244385","30.963313341140747","30.969583988189697","30.949623107910156","30.985193729400635","31.00171971321106","30.878239631652832","31.006388902664185","30.91300630569458","30.98602533340454","31.014813899993896","30.922208070755005","30.99180841445923","30.89138174057007","31.00581407546997","30.899398803710938","30.938294172286987","30.957136869430542","30.88873529434204","30.93864417076111","30.9125816822052","30.918449640274048","30.88216471672058","30.824928998947144","30.940106868743896","30.96911072731018","30.936004877090454","30.891496181488037","30.88283109664917","30.86128306388855","31.109814167022705","31.007068157196045","30.941397428512573","30.95585322380066","30.902897834777832","30.902095556259155","30.84824562072754","30.917388200759888","30.987209796905518","30.944517135620117","30.97889804840088","30.929190397262573","30.850250005722046","31.005125045776367","30.931466579437256","30.961221933364868","30.931036233901978","30.980972290039062","30.98245406150818","30.948704481124878","30.965344190597534","31.000471591949463","30.90000867843628","30.89319109916687","30.916842937469482","30.921501874923706","30.87869930267334","30.93822431564331","30.911487579345703","30.898741722106934","30.828717708587646","30.89280414581299","30.905649662017822","30.884732246398926","30.87666416168213","31.013597011566162","30.95670199394226","30.971923112869263","30.999728202819824"
"28.676100730895996","28.728838205337524","28.827106475830078","28.838016748428345","28.88224482536316","28.906224012374878","28.876527786254883","28.86839509010315","28.917577743530273","29.009092330932617","28.953394174575806","28.84636616706848","28.802435398101807","28.948974132537842","28.888877153396606","28.937098503112793","28.877422332763672","28.93750023841858","28.89539122581482","28.85030174255371","29.04585099220276","28.920175075531006","28.856948852539062","28.941256046295166","28.847007036209106","28.897592306137085","28.907158136367798","28.941884517669678","28.893683433532715","28.945491075515747","28.856748819351196","28.890108585357666","28.895636558532715","28.79351544380188","28.849695444107056","28.841950178146362","28.827804565429688","28.83104920387268","28.87637495994568","28.938814401626587","28.833836317062378","28.83101511001587","28.773123741149902","28.88048243522644","28.893417358398438","28.8385226726532","28.897605419158936","28.871758699417114","28.81001043319702","28.86837363243103","28.887762784957886","28.849746704101562","28.863664865493774","28.837513208389282","28.865657806396484","28.89881205558777","28.856423139572144","28.817734241485596","28.840587377548218","28.865448713302612","28.825123071670532","28.94747018814087","28.83405637741089","28.83545446395874","28.913578987121582","28.893161296844482","28.927253246307373","29.005642890930176","28.872916221618652","28.848458766937256","28.939298629760742","28.876164197921753","28.95306396484375","28.96840190887451","28.85363006591797","28.798550844192505","28.894901990890503","28.821279287338257","28.942768812179565","28.921879053115845","28.84463858604431","28.867780685424805","28.81805109977722","28.888052463531494","28.888288259506226","28.858970642089844","28.898741960525513","28.870325088500977","28.854067087173462","28.897977113723755","28.76592755317688","28.885963201522827","28.93623638153076","28.833243370056152","28.84397864341736","28.926260471343994","28.87216091156006","28.909181356430054","28.907187938690186","28.911526679992676","28.8707594871521","28.805071115493774","28.848422050476074","28.857046604156494","28.929710388183594","28.886142015457153","28.905731201171875","28.878280639648438","28.858986616134644","28.829097509384155","28.819183111190796","28.883485078811646","28.877659797668457","28.818939924240112","28.85335922241211","28.812194347381592","28.808088779449463","28.86084771156311","28.78673028945923","28.888106107711792","28.803981065750122","28.84998059272766","28.931748151779175","28.875349760055542","28.92294716835022","28.923696994781494","28.857266902923584","28.86441421508789","28.830134630203247","28.936920881271362","28.885883331298828","28.944523811340332","28.807911157608032","28.890305042266846","28.878041982650757","28.85026502609253","28.815237283706665","28.979301929473877","28.921953201293945","28.88010835647583","28.911076545715332","28.79647922515869","28.845583200454712","28.85899043083191","28.858631134033203","28.788218021392822","28.872424364089966","28.86503267288208","28.829387664794922","28.886990785598755","28.835640907287598","28.861961364746094","28.857440948486328","28.80585741996765","28.85338544845581","28.851703643798828","28.886677980422974","28.84630060195923","28.908336639404297","28.9244327545166","28.885934591293335","28.812989473342896","28.947599172592163","28.936129093170166","28.88861608505249","28.881812572479248","28.894163846969604","28.989184856414795","28.88334560394287","28.976326942443848","28.94953441619873","28.87545347213745","28.8591206073761","28.867820739746094","28.843857049942017","28.832836151123047","28.822115182876587","29.014636516571045","28.9084050655365","28.87013030052185","28.864174365997314","28.88506269454956","28.807806968688965","28.85032844543457","28.846057415008545","28.905218839645386","28.872117280960083","28.862406492233276","28.92739510536194","28.901193857192993","28.83534812927246","28.92012310028076","28.869956493377686","28.905495405197144","28.876508235931396","28.886377096176147","28.79971933364868","28.925469398498535","28.85521149635315","28.9560866355896"
"29.076664447784424","29.15539789199829","29.228195190429688","29.209318161010742","29.199504852294922","29.16951274871826","29.2416934967041","29.179479122161865","29.082041025161743","29.238394737243652","29.215429306030273","29.15704584121704","29.11677575111389","29.147655487060547","29.164620876312256","29.236584663391113","29.132051944732666","29.091508388519287","29.183379411697388","29.111977338790894","29.15282130241394","29.243813276290894","29.30583882331848","29.289347410202026","29.14281392097473","29.177159547805786","29.259899377822876","29.217209100723267","29.24837303161621","29.22776508331299","29.231809377670288","29.181373119354248","29.063000202178955","29.13782572746277","29.111788034439087","29.051613330841064","29.18015146255493","29.129762887954712","29.265949487686157","29.126062870025635","29.157160997390747","29.16892910003662","29.19604778289795","29.055471897125244","29.03710174560547","29.167095184326172","29.103445291519165","29.166668176651","29.16922163963318","29.25566601753235","29.198803901672363","29.160213232040405","29.153434991836548","29.158892154693604","29.17533564567566","29.194609880447388","29.248250484466553","29.171958208084106","29.29171323776245","29.270448923110962","29.28295087814331","29.166932344436646","29.21402359008789","29.098944187164307","29.1576087474823","29.246392250061035","29.161431312561035","29.543766021728516","29.15257716178894","29.14540147781372","29.227292776107788","29.21176290512085","29.173254251480103","29.13943076133728","29.235804080963135","29.170183658599854","29.204877376556396","29.21373414993286","29.22569990158081","29.198938608169556","29.244032382965088","29.24321937561035","29.327610731124878","29.26095986366272","29.244051933288574","29.300372838974","29.280007362365723","29.222342491149902","29.180558681488037","29.217208862304688","29.22771978378296","29.198375701904297","29.156462907791138","29.250532150268555","29.20611596107483","29.145183324813843","29.23261332511902","29.221572399139404","29.247499465942383","29.222960710525513","29.217354774475098","29.182788133621216","29.218289136886597","29.21618938446045","29.204538345336914","29.218472957611084","29.2012619972229","29.244057655334473","29.228309392929077","29.206538200378418","29.318511724472046","29.28667378425598","29.308022260665894","29.335435152053833","29.335695028305054","29.1887845993042","29.227608919143677","29.215045928955078","29.256497621536255","29.20548677444458","29.186466217041016","29.125037908554077","29.376018047332764","29.179290056228638","29.153340578079224","29.145887851715088","29.208874225616455","29.277825593948364","29.14125919342041","29.202351570129395","29.17303466796875","29.20463275909424","29.249976634979248","29.26910090446472","29.232786417007446","29.220788717269897","29.09688091278076","29.092028379440308","29.233036518096924","29.156384706497192","29.110076189041138","29.115702867507935","29.217531204223633","29.209339141845703","29.22704577445984","29.205606937408447","29.151570558547974","29.21589207649231","29.212653398513794","29.131117582321167","29.197270154953003","29.185312032699585","29.191471815109253","29.251010417938232","29.18063449859619","29.19133186340332","29.216837644577026","29.18376874923706","29.187411308288574","29.555049180984497","29.324166774749756","29.381620168685913","29.307629585266113","29.35344648361206","29.264726638793945","29.210147380828857","29.24340271949768","29.17043948173523","29.173907041549683","29.308297157287598","29.134151458740234","29.245121002197266","29.19017767906189","29.156147480010986","29.126020908355713","29.223639249801636","29.384939193725586","29.28198218345642","29.235126733779907","29.174123764038086","29.190757751464844","29.21609878540039","29.173698902130127","29.244927167892456","29.09172773361206","29.21429419517517","29.248427152633667","29.277613401412964","29.262890100479126","29.237866163253784","28.523996591567993","28.38693594932556","28.426328659057617","28.454838037490845","28.52238941192627","28.483150005340576","28.518903970718384","28.52418828010559","28.468786478042603","28.35326075553894"
"5.765485763549805","5.7669596672058105","5.771687746047974","5.7563676834106445","5.835546016693115","5.781555414199829","5.774253606796265","5.7730872631073","5.764417409896851","5.788143157958984","5.743473291397095","5.747232675552368","5.756258964538574","5.776352643966675","5.7399396896362305","5.754015684127808","5.74800443649292","5.767043590545654","5.748509168624878","5.7476208209991455","5.7583208084106445","5.74768590927124","5.740741729736328","5.736891269683838","5.754926919937134","5.7432310581207275","5.722185373306274","5.748913764953613","5.75618052482605","5.744946002960205","5.768579959869385","5.743023872375488","5.764148235321045","5.769304513931274","5.764461278915405","5.745137929916382","5.761487245559692","5.766033172607422","5.767256736755371","5.763472080230713","5.718916177749634","5.86365532875061","5.739142417907715","5.743574380874634","5.739095211029053","5.746205568313599","5.732278347015381","5.745580673217773","5.744820594787598","5.785334348678589","5.757407903671265","5.7482452392578125","5.741277694702148","5.739386320114136","5.734890937805176","5.762952089309692","5.750359296798706","5.715243339538574","5.7390456199646","5.771923065185547","5.760519981384277","5.711438894271851","5.755177974700928","5.857535362243652","5.7445361614227295","5.735323429107666","5.765254259109497","5.757110357284546","5.753775358200073","5.75438666343689","5.76138973236084","5.75710391998291","5.7676331996917725","5.7552642822265625","5.741519212722778","5.759742736816406","5.75486946105957","5.780049562454224","5.7757978439331055","5.748570203781128","5.762996673583984","5.758277893066406","5.743070602416992","5.767282724380493","5.760240316390991","5.791302919387817","5.756609678268433","5.774632930755615","5.808414936065674","5.781413555145264","5.715507507324219","5.770008087158203","5.764312267303467","5.7589592933654785","5.7457194328308105","6.106001853942871","5.780246019363403","5.77613639831543","5.761369943618774","5.772519111633301","5.736692428588867","5.74325704574585","5.735350131988525","5.768049478530884","5.7789459228515625","5.752387046813965","5.7167274951934814","5.796759128570557","5.796941757202148","5.761578559875488","5.7524964809417725","5.751567125320435","5.746913909912109","5.721363067626953","5.749067068099976","5.7375452518463135","5.716767072677612","5.74748682975769","5.746061325073242","5.747906923294067","5.767385244369507","5.744927167892456","5.7189624309539795","6.096096992492676","5.747538089752197","5.7718305587768555","5.757793426513672","5.796218395233154","5.76383900642395","5.768324375152588","5.756369113922119","5.759418487548828","5.750200510025024","5.781167268753052","5.755236625671387","5.746813535690308","5.772132158279419","5.7738587856292725","5.752490282058716","5.749992370605469","5.761152982711792","5.775655508041382","5.76870059967041","5.764590263366699","5.759462356567383","5.740409851074219","5.761702060699463","5.768718004226685","5.772906541824341","5.757750034332275","5.847757816314697","5.751018762588501","5.767334461212158","5.728827476501465","5.752852439880371","5.763989448547363","5.763745069503784","5.764514207839966","5.780039310455322","5.745909690856934","5.746053218841553","5.755281925201416","6.098656415939331","5.761853933334351","5.745631456375122","5.753553152084351","5.745183706283569","5.7430949211120605","5.768093585968018","5.765291452407837","5.774488687515259","5.753229856491089","5.837285757064819","5.735470294952393","5.738948822021484","5.745972633361816","5.729241847991943","5.729815483093262","5.749796628952026","5.766253471374512","5.750287771224976","5.74328351020813","5.7421958446502686","5.761853933334351","5.742911100387573","5.751038312911987","5.753420114517212","5.736415863037109","5.752723693847656","5.756696939468384","5.752372741699219","5.764238357543945","5.760651588439941","5.733641147613525","5.748674631118774","5.762389421463013","5.77705192565918","5.740030288696289","5.742610216140747","5.7609333992004395"
"5.365948677062988","5.37047266960144","5.3727006912231445","5.374290227890015","5.3943397998809814","5.40400505065918","5.3904712200164795","5.364198207855225","5.38418436050415","5.393576622009277","5.382841348648071","5.346103668212891","5.3847336769104","5.3992085456848145","5.382460832595825","5.389895439147949","5.420083999633789","5.4323413372039795","5.402174472808838","5.3844382762908936","5.406691551208496","5.376767635345459","5.370318651199341","5.387629985809326","5.365074157714844","5.376311779022217","5.382972717285156","5.4331278800964355","5.388912200927734","5.396045684814453","5.3850648403167725","5.372648239135742","5.395837783813477","5.391845226287842","5.362193822860718","5.360347509384155","5.363340139389038","5.386991739273071","5.37792706489563","5.394690036773682","5.380772590637207","5.402086496353149","5.4034504890441895","5.3919901847839355","5.415493726730347","5.409546375274658","5.424159049987793","5.381323337554932","5.3939208984375","5.406355857849121","5.384347677230835","5.387935638427734","5.40095591545105","5.365382671356201","5.399332761764526","5.388658761978149","5.397223711013794","5.381956577301025","5.404923439025879","5.38774299621582","5.389832973480225","5.521661043167114","5.390867710113525","5.395665168762207","5.398489713668823","5.386543035507202","5.417133808135986","5.746781349182129","5.414959907531738","5.393715858459473","5.413713693618774","5.409859895706177","5.417754888534546","5.368744611740112","5.3878583908081055","5.359791278839111","5.393817663192749","5.4035727977752686","5.365167856216431","5.388187885284424","5.3777453899383545","5.385538578033447","5.396636247634888","5.384462356567383","5.414409637451172","5.391846656799316","5.379458904266357","5.361569404602051","5.386171579360962","5.3797523975372314","5.383512735366821","5.388753652572632","5.3571617603302","5.3893492221832275","5.354285955429077","5.40120530128479","5.3963117599487305","5.401520013809204","5.406714677810669","5.391829490661621","5.3854429721832275","5.382430553436279","5.391145944595337","5.409720420837402","5.392146110534668","5.410691976547241","5.418829917907715","5.3822081089019775","5.381468296051025","5.364586114883423","5.4089295864105225","5.406766653060913","5.384389877319336","5.370714426040649","5.3926918506622314","5.404250860214233","5.400986433029175","5.399595260620117","5.36303186416626","5.3785154819488525","5.411698341369629","5.39349889755249","5.391894340515137","5.400662660598755","5.391533374786377","5.408505916595459","5.392677545547485","5.387543201446533","5.39716362953186","5.422651529312134","5.393586158752441","5.405396223068237","5.423375129699707","5.3914103507995605","5.4103288650512695","5.409535646438599","5.418243646621704","5.41089940071106","5.399215459823608","5.36680793762207","5.404059171676636","5.388823747634888","5.4241943359375","5.387972354888916","5.405408620834351","5.409312009811401","5.384548187255859","5.373694658279419","5.385592937469482","5.380910873413086","5.387693881988525","5.36265230178833","5.3722991943359375","5.376475095748901","5.389922380447388","5.429577112197876","5.409544229507446","5.402776002883911","5.38509202003479","5.398491621017456","5.393733739852905","5.38770318031311","5.391896724700928","5.3846752643585205","5.374294281005859","5.385710716247559","5.406444072723389","5.394909620285034","5.3951029777526855","5.4243481159210205","5.3923399448394775","5.386378049850464","5.393153667449951","5.411755084991455","5.39887261390686","5.391284942626953","5.396976709365845","5.430211305618286","5.38150429725647","5.415647983551025","5.390533685684204","5.396201848983765","5.392874479293823","5.3894572257995605","5.374102830886841","5.382064580917358","5.395860910415649","5.416874647140503","5.380200386047363","5.366318941116333","5.364869117736816","5.394392728805542","5.37699294090271","5.367850303649902","5.405650854110718","5.36847186088562","5.371337413787842","5.401319980621338","5.400769948959351","5.392807722091675"
"5.444936037063599","5.486015796661377","5.47641921043396","5.47136926651001","5.475064754486084","5.45859694480896","5.506537437438965","5.485549449920654","5.435231447219849","5.472935676574707","5.459289312362671","5.450536727905273","5.466543197631836","5.447779655456543","5.473517179489136","5.459315299987793","5.463512182235718","5.44776725769043","5.4469029903411865","5.474673509597778","5.484410285949707","5.481125354766846","5.596006631851196","5.469358921051025","5.47107195854187","5.487736940383911","5.471447944641113","5.462338924407959","5.46486234664917","5.444340944290161","5.474947690963745","5.465087175369263","5.46100926399231","5.4599769115448","5.46026349067688","5.448836326599121","5.462391138076782","5.493634939193726","5.478749752044678","5.479844093322754","5.458067178726196","5.489521741867065","5.484257221221924","5.4388227462768555","5.489813566207886","5.476656913757324","5.805887937545776","5.810894250869751","5.457595348358154","5.48532772064209","5.506515979766846","5.498618841171265","5.459963321685791","5.467444658279419","5.4684157371521","5.4557647705078125","5.459726810455322","5.4680328369140625","5.468632698059082","5.4721198081970215","5.444899797439575","5.478878974914551","5.488671779632568","5.5004494190216064","5.44313907623291","5.499384880065918","5.485428094863892","5.482466459274292","5.476581335067749","5.455579519271851","5.455387830734253","5.473474740982056","5.4513840675354","5.458498954772949","5.465453863143921","5.430036306381226","5.517541885375977","5.5224080085754395","5.4796974658966064","5.478038311004639","5.491363048553467","5.477912902832031","5.469916820526123","5.469554901123047","5.493520736694336","5.497603893280029","5.474569320678711","5.477142095565796","5.495934009552002","5.524480819702148","5.47616982460022","5.4867331981658936","5.482960224151611","5.513718843460083","5.485584735870361","5.477851390838623","5.5103394985198975","5.50343132019043","5.459135055541992","5.464168310165405","5.483499765396118","5.461740255355835","5.47290563583374","5.512610197067261","5.4929587841033936","5.486469745635986","5.494774103164673","5.511541128158569","5.486704587936401","5.49003267288208","5.493869304656982","5.493571043014526","5.480311155319214","5.5968177318573","5.501400709152222","5.488483190536499","5.520971298217773","5.47625207901001","5.481920480728149","5.508538007736206","5.5058887004852295","5.488279342651367","5.476059913635254","5.472402095794678","5.4501259326934814","5.459203243255615","5.451055288314819","5.481202840805054","5.498609304428101","5.499105215072632","5.540608882904053","5.482560157775879","5.467410087585449","5.492236375808716","5.465103387832642","5.520294427871704","5.465318202972412","5.485248804092407","5.463315725326538","5.47041130065918","5.470457553863525","5.541414976119995","5.4703049659729","5.468584299087524","5.475701332092285","5.4836039543151855","5.455315589904785","5.485055208206177","5.482966661453247","5.457931995391846","5.4731011390686035","5.474117040634155","5.447710037231445","5.435954809188843","5.450809001922607","5.4495320320129395","5.485100269317627","5.449053525924683","5.459868431091309","5.5160441398620605","5.489538669586182","5.4567859172821045","5.538932800292969","5.4649574756622314","5.474323034286499","5.460591793060303","5.476051568984985","5.472236156463623","5.4577977657318115","5.479205846786499","5.449878692626953","5.462674140930176","5.466466903686523","5.463805913925171","5.468565464019775","5.480066776275635","5.506197452545166","5.490494966506958","5.455966949462891","5.500110864639282","5.449430227279663","5.47028923034668","5.473104238510132","5.491354942321777","5.493612766265869","5.4614481925964355","5.503542900085449","5.4788994789123535","5.439106464385986","5.585531949996948","5.358788251876831","5.3616039752960205","5.3682615756988525","5.372950077056885","5.360673189163208","5.367528438568115","5.370237350463867","5.326883554458618","5.358435869216919","5.366375207901001"
"86.71"
"86.41"
"85.75"
